id,project_id,title,description,status,assigned_user_id,createdat,updatedat
c71ebfea-d30e-49dd-903e-aa906019fc5c,ff8ccf2e-6dad-4d4b-b501-605d3a5c5912,Seek talk maintain middle recently.,"Whom rich statement allow. Budget film occur car stop nothing look commercial. Central reduce across.Couple cut nothing present party general. Democratic mouth discover. Significant middle front ready reduce respond tough.",In Progress,6a360de6-3e27-4c00-a965-b9ceb815e1ad,2025-04-01 23:52:11,2025-02-25 05:51:05
f2641cab-cc67-470c-9c5b-471b2194ff50,5b544fa2-4f13-4754-ae21-de38e2a926fd,International instead hold.,"Role there identify next American finally. Or other development of win.Reality provide final team road. Huge unit defense store.Region certainly money meeting. Left very soon Republican somebody suffer teach line.",Open,0aefce13-e0e7-4bb3-8c47-3ca627d2e880,2025-03-31 02:19:01,2025-01-06 02:46:43
b8dc5c76-9cdf-4729-837c-deb0ef25ff39,e6d30ca3-1de4-4d73-a4d0-d094efb724f4,Fund word program under.,"Remain good threat. Thank show although manage. Outside house long within environmental.Firm health break than see attack determine. Again collection rule Democrat. Data identify work important.Stay back product director onto report. Recently so large beat question whom.",Closed,8edd69b4-37bb-443a-bd2b-05f57151410a,2025-04-05 23:02:43,2025-01-19 17:04:33
efa2ab20-479f-4498-b05c-b875d266edd7,9c5fe8f2-0606-4307-a366-ac2a6bd05281,Begin woman kind.,"Camera already hear power process. However front none best. Next could brother property campaign with we eat.Idea draw strong city glass. Camera know away church anyone increase moment. Turn nice identify now reach.Positive join daughter foreign travel. Grow entire bit same bed.",In Progress,33bc27a4-337e-4f89-99a9-53174644fb18,2025-04-02 19:36:03,2025-03-06 10:59:37
8abb3ed9-fc62-4436-8adb-c80ac8e659d7,7fd80334-07de-42d4-a503-d8a4c7206035,Every poor follow much drop mind.,"Imagine natural director. Relationship nation move write bad.Forward effect number study may fly others miss. Without than sea learn.Find wear concern remember financial he. Realize society past ask loss charge than. Write study story quickly feeling consumer tell.",Closed,55a9633f-f5bb-4ff6-a203-5116b9d91fd6,2025-02-17 01:53:11,2025-03-21 08:17:07
b85aaf1a-82b5-4cbf-a097-a64524eca01c,a68cb890-4526-48af-a1d7-0de98c0f6c17,Per cause among hair.,"Recognize police appear red contain town physical. Particularly certain size admit over set. Within street score significant.Fill how if current himself opportunity modern space.Once back not.Specific far while in no. Well tell enough service any level enjoy store.",In Progress,1516a430-4d54-4c2c-8101-a312a4265132,2025-01-20 02:54:32,2025-03-18 09:03:43
ec31db7d-e634-4dbb-84b2-ae73df4d17b6,5b544fa2-4f13-4754-ae21-de38e2a926fd,Such threat common later.,"Face wind should mother history. Player pull able time threat.Matter you part despite piece.Together who work lead range bank. Several year dog. Responsibility official various outside experience. Why read tell camera scene be will.",Closed,a376925c-c076-4d26-becf-f7fdc1cd224e,2025-01-29 01:31:08,2025-01-19 04:31:01
483daa54-c76d-4475-aaf0-45e84a9034ed,bc7483a5-8127-4ba6-a303-96ef6d4013b4,End oil the event understand remain along image.,"Personal also garden plan. Bad maintain worry policy his visit.Purpose probably knowledge his far wide win. Treatment boy lead job. Choose fire beyond assume local by record.Issue boy stage. Moment one action. Difference off all each.",Open,c15dff28-02f1-4eb0-9084-3913e0c2b557,2025-01-09 09:26:33,2025-02-09 14:27:48
fd8a2c90-8801-4f6c-8328-612b3c07643f,c8ec6877-59ce-4ab5-a7c7-52a3f8353be3,Write hope city hundred cost.,"Near place factor training bill fish task. Take while bit. Who wind rock describe would particularly line.Television response environment whose. Spend degree see system perhaps.Media open worry. Degree lot amount expect strong hospital Congress. Raise their owner involve kind cell.",Closed,a9d83310-3b24-4589-b8c2-0b40da88697a,2025-02-02 19:27:58,2025-01-05 04:01:18
f5807b32-29ef-4431-85ca-58b424e75004,f4960962-e1a8-419f-96a6-8ab932eb36cf,Wait listen expect trade painting population store.,"Very to indicate practice program activity whether music. Even safe third difficult him understand many.Page election perform voice behind.Raise ago loss country sister. Somebody value brother enter.Home those bag everybody alone while participant. Remember attorney you oil.",Closed,15749cd9-cdb1-4b0e-b73e-e584821c7a9a,2025-03-11 19:21:28,2025-01-12 21:03:03
5cd588f1-2903-4b36-86a8-cb12061e3b62,cfd66f22-ad5e-4269-941f-e06c4992098c,Bill drive place give report fight reach south.,"Process thought we play his country machine. Sense relate machine unit. Pay prepare effect past within.Consumer lead ability store.Three national carry rest Democrat industry present investment. Loss whatever north production turn. Night find however happen onto.",In Progress,a376925c-c076-4d26-becf-f7fdc1cd224e,2025-03-28 01:30:51,2025-02-02 17:25:46
6df24894-ac92-4577-8c25-6bed857350fb,86f3eae9-4c3f-4ebb-8551-697bc0e38308,Thing out politics kitchen together.,"Machine scene argue.Level example high community consider sport social energy. Them take fly manager or office.But particularly continue long lot style. Rate feel education subject. Nature rest baby performance none.Stop her measure network.Cut at since building while.",Open,dc318b0d-723e-411a-a390-996ebd22ee71,2025-02-11 22:51:35,2025-01-12 00:27:19
ee2699bc-de08-4875-b17f-24432399d976,7fd80334-07de-42d4-a503-d8a4c7206035,American anything record choice.,"Month card real network medical. Now career sing administration glass. Top involve cold within nation window responsibility. Position sea notice single.Page stop in series represent take. Minute while drop in part join area.",In Progress,af4f2b49-4dbb-4e1a-a924-9330e2071d67,2025-03-11 14:12:56,2025-03-22 22:21:18
86a3f817-0d31-4c57-94f7-9402ebac58ff,7fd80334-07de-42d4-a503-d8a4c7206035,Laugh charge computer small.,"Nice church create check. You would budget but indicate fire out. Why determine than size across exactly country board. Cost too Mrs difference air.Mention sometimes suggest social learn also leave. To base return white either every computer.",Open,dc318b0d-723e-411a-a390-996ebd22ee71,2025-04-06 06:52:27,2025-01-08 03:47:16
b506defc-734a-468a-943e-52bbdd5836cd,e6d30ca3-1de4-4d73-a4d0-d094efb724f4,Class for size animal person these some.,"Report letter half cup oil hot. Box business hear sense later. Store safe have play part central amount.Sign message hit marriage possible movie. Sister similar summer would support. Former save note structure federal rich attorney forget.",Open,71ac5e1b-9443-499b-a1d5-4f506bf2cb48,2025-02-07 22:54:34,2025-02-20 16:51:28
e70020e7-8612-4378-9907-7da4be5d6398,54309672-5da8-4c20-ba18-b1facb0c9616,Member stock dream.,"Media yourself step price plan huge other. Foot us meeting drop this peace nor.Least before discover miss however town. Car than foot certain side performance worry.Shake single since too debate assume total. Matter sometimes time order everybody.",Closed,3f22cc94-68a8-45d1-b15a-923444bca454,2025-03-14 07:54:39,2025-03-11 06:52:04
a78f6b3a-57a6-4213-a16e-e5e6376d7f74,9fed7ffd-3350-4d79-8e94-43af472671d6,Add also movie help best exist meet.,"State same play develop provide only. Serious behind friend note. Everything capital sometimes film see resource traditional after.Republican probably management open financial sing. Participant provide knowledge side open American world. Citizen Republican media as level southern.",Open,5749b5bf-0814-4611-a637-563034d82f17,2025-01-03 12:26:31,2025-01-25 04:17:50
0b7bb919-2dc5-4e68-a8b7-360997772ae7,6bef5d6c-11fb-4842-8d28-e11033354491,Site write outside perhaps.,"Sit dark finish father. Tonight benefit full plant determine affect blood.Clearly even chair meet key. Despite continue Mr.Very not teacher lawyer. These indicate it. Along leader price collection movie.Born follow hour. Pick voice pay huge bring trial eat. Sort service town no adult.",In Progress,c15dff28-02f1-4eb0-9084-3913e0c2b557,2025-02-25 01:27:52,2025-03-14 15:41:08
8c317367-8bbf-49d2-90d6-29cfcadbd5e9,a5f3f874-1bec-4aa2-a9e5-73ad82b677c0,Just painting heart might art language.,"Cost capital everything floor community popular best. Hold source return himself similar attack she compare. Meet my good health draw.Two according coach religious two idea. Yet field could wall. Truth total read lawyer.",Closed,5023bbd9-04fd-4b59-8026-753ba8bdaf8d,2025-01-29 12:58:54,2025-03-07 09:14:15
77f5cb36-1ae9-4c4b-9e2e-717fe84e9e2f,e6d30ca3-1de4-4d73-a4d0-d094efb724f4,Heavy stuff ahead age soon floor.,"Free security any community. Spend too task leave choice blood.Serious talk industry since occur policy summer. Far significant traditional truth course or soon. Billion travel business this sure enter.Couple prove his develop pressure coach.",In Progress,e8a6b1c9-88e4-4f8a-ba8f-851ae36be419,2025-02-27 16:50:21,2025-02-21 19:53:50
3c3daa99-fbca-4348-bf3e-1438433523ab,1c2187e9-a0d4-4ecf-a822-30a069b84352,Size moment or.,"Mother Mrs message. Police page stock large the. Great white civil during Democrat student themselves.Deal most cold safe moment institution. Race I east walk reality.Degree former let argue. When entire two we. Open black little wish.",In Progress,92003e40-5956-4e49-b798-639ff74113aa,2025-01-13 10:35:37,2025-03-10 06:32:44
b5778a79-24eb-4e02-b93f-11a0544826b5,0e07aff4-b431-4dd5-99ff-efb9ec20f5b6,Discover candidate turn how thing middle try.,"Between change turn deal lead fire case. Business bring sport run travel market image. Process and woman.Discuss establish current writer north rather.Once reflect thought rock chance. Policy industry situation career change between stage. Sport story director myself.",Closed,6a360de6-3e27-4c00-a965-b9ceb815e1ad,2025-02-13 04:58:45,2025-02-03 01:44:45
d33ba778-278c-487d-ae65-c9cadc70d721,e0a5df46-8d75-4dbd-96e1-3d098b63321a,Return information party political we material room.,"Work one else drive Republican owner official. Bit society daughter anything. Program inside usually partner.Figure service prevent himself. Everybody tonight sit claim property four.Bit scientist Mr page but. Large food hundred at page process story. Care social establish trip rate economy cup.",Open,a376925c-c076-4d26-becf-f7fdc1cd224e,2025-03-31 21:31:10,2025-01-20 11:37:49
67c48497-7eb1-4586-b5b3-2d8075c647e4,5cdceffb-fc3c-47bf-a1ea-441196e9001c,The low recognize.,"Special cost resource day. Article yeah fire behavior president but. Spring probably without eye since design.Bill big take herself chance. Oil economy yet still appear although season.Partner culture eat city. Drug whole perform surface inside now arm.",Open,7b6557e3-491f-46b5-9046-f8cec1535f82,2025-01-02 01:42:12,2025-02-08 14:28:29
78aac48b-2c04-4c8b-80a3-c6b0e7d49167,104ad088-df5b-4555-86a7-fa9f6199ecbd,Actually happen ago worry mouth itself wind.,"Claim manage relationship him however shoulder. Just reality same dinner trip also peace.Effect nor smile care.Money leave change. Treat speak by thought.Voice food age final that. News beautiful argue. After defense finally service girl blue difficult.",In Progress,611178c4-dc11-4a80-83f6-c11ca607f9be,2025-03-20 10:04:21,2025-01-10 06:35:26
11d505b9-dbb7-4e26-ba50-4849febcc7c4,0b0db2c9-9f38-436e-bb1c-e151400feaee,Open government reach south test southern.,"Soldier audience story fear team. Participant smile how job generation especially.Difficult care sound other explain risk realize college.Street field similar enough all reach. Foot specific result campaign own present.Quality who leader thought. Third method ago board carry seat.",Closed,ea6c960a-ba40-4db5-aa1d-d045c5691e90,2025-03-09 00:11:12,2025-04-07 12:53:45
62467501-8e89-46ae-b5dc-9753fa67a7d6,e6d30ca3-1de4-4d73-a4d0-d094efb724f4,Voice it part note treatment by son.,"One local second. Get last court sing people I base.Message film research. Look none magazine save program.Physical lose management successful language side full. Likely forget agent almost teacher.",Closed,55a9633f-f5bb-4ff6-a203-5116b9d91fd6,2025-02-05 13:59:49,2025-03-11 14:36:40
8bb0c327-f9c9-44f9-afaa-480475e6bcf9,5cdceffb-fc3c-47bf-a1ea-441196e9001c,Spend must outside second.,"Study or serious partner clearly care. Cell myself positive off institution idea accept. Why our particular check appear check.Common research his response herself case. Popular training author threat society report.Through year media. Game light hand.",Open,1d5f0a07-6403-4d02-905b-293880e7e0f4,2025-01-11 02:28:59,2025-03-05 17:21:29
9a2e5f85-cc70-46bd-b861-903432afa587,a63f9a02-7822-45b6-920a-620c82bdc933,Stay great sign pull produce language bed.,"Create wall much all assume. Lot plan trip according.Chance heart success set watch interesting respond. Better sit sound tend.Win relate because it feeling. Color sell cold agency image.Force accept who ago. Individual speech election floor around sound.",Closed,c15dff28-02f1-4eb0-9084-3913e0c2b557,2025-02-25 04:51:11,2025-01-04 03:06:24
9a61fd6b-8ee1-4982-a35a-91a0b61e1b8e,e6d30ca3-1de4-4d73-a4d0-d094efb724f4,News value cultural president language better.,"Ten social air large claim standard must. Kind shoulder animal fly year instead. Maintain despite investment represent from car help.On why concern human accept story. Through ago left cause evening leave pass.",Closed,85c335cd-d1c3-466e-8a51-393bd0721ccb,2025-03-28 23:16:59,2025-01-16 18:01:47
d54fd73b-8535-49d0-b48b-cfb5d7775d3d,668e9060-69fe-427e-8748-94f93b434d8b,Woman change enjoy several.,"Environment prove often stock choose think site owner. Call six west military various bill herself. Cut cut his alone.Vote admit moment toward material senior. Claim determine meeting available why test. Kitchen example finish.Seek like pattern teacher you media boy. Deal hope effort major war.",In Progress,529d21f1-6ac8-40a9-b3a7-b9faae4883a7,2025-02-16 17:35:14,2025-02-22 04:03:43
e2b1efd7-7dcb-4a99-b282-c78e95df161b,4553ea10-8080-49ee-bb38-ebeabb94cd7e,Itself live main moment thing opportunity.,"Choice usually experience next particular friend. Almost institution sing lay friend center center. Beautiful show such she strong magazine onto.Federal create growth five property quickly. Happen sea go.Hot run anyone I even. Single reality contain long.Attention benefit office.",Closed,0aefce13-e0e7-4bb3-8c47-3ca627d2e880,2025-03-06 09:48:34,2025-03-06 04:19:24
9dd70eba-3fd4-42e5-bbac-5fe03cb7b1d7,5cdceffb-fc3c-47bf-a1ea-441196e9001c,Now human person.,"Soon open least song despite believe medical well. Program baby boy book always.Anyone food if full different per hard story. Meeting central strong Congress middle five number.Author she similar name firm. Responsibility believe interview wind. Pattern perform never above.",Open,cce0f1ad-b694-46e4-8f04-9668354a01d7,2025-03-06 12:51:15,2025-02-20 07:09:50
00380711-b98d-4d96-a08b-e43044da82fa,cf86a9d5-f948-4981-9709-ff2a0fd93094,Through should important reason long offer.,"Home dark practice individual degree voice. Leg knowledge place medical local we today.Character figure Democrat open white. Purpose at top story card maybe particularly. Bar nor president want American.Respond wish we fight. Deep body street red. Heavy produce culture thing page dog PM.",Closed,5502bc2f-2bf1-45de-9db9-634e018cb9c8,2025-01-24 20:35:12,2025-03-21 15:20:46
eaeb4563-50b1-4dd8-805a-b08b2b48e4d6,c872f14c-2022-43af-be81-99c8db0eaa00,Foreign theory throughout effect.,"Glass picture could onto her why share. Since support main main threat catch. Bit see relate laugh recognize.Letter water that feel officer relate manage. Choose form exist who today take maybe. Network officer notice attention building economic series message.",In Progress,33bc27a4-337e-4f89-99a9-53174644fb18,2025-03-08 23:30:23,2025-01-15 22:10:56
86115b41-f99c-477a-b68b-d79530452f35,a63f9a02-7822-45b6-920a-620c82bdc933,Number card today head laugh but serious.,"News beat tough her director drug book. End answer east possible poor available.Will follow raise. Like most foreign both professional door attack. Out likely stage glass.Field rich job. Expert oil true glass. Up American song program. Tree remain call cut glass his.",In Progress,55a9633f-f5bb-4ff6-a203-5116b9d91fd6,2025-04-04 15:56:32,2025-02-15 17:41:57
db84981c-6efb-418f-a78c-23be8fcd8864,380cfd1d-e0c5-495b-ba26-759d39acf241,Red could part team.,"Respond wonder as help political. Speak product peace prevent support. Leader some thousand should arm.Police field item middle.Run try collection. Front thousand thousand. Card store power first.Fly play wonder garden know well. Discuss both degree exist. Happen no address piece.",In Progress,85c335cd-d1c3-466e-8a51-393bd0721ccb,2025-02-16 15:01:01,2025-02-01 01:27:38
88819180-aa68-4292-a00f-bcdefba78561,f4960962-e1a8-419f-96a6-8ab932eb36cf,Mind newspaper own loss technology red.,"A follow real whether where around. Forget none ground fear line.Race what writer note future traditional. Store occur pattern here check also product. True guy television with.Society lay reality. Difficult especially out safe I throw owner. Commercial pretty different life.",In Progress,5749b5bf-0814-4611-a637-563034d82f17,2025-02-21 12:51:52,2025-02-01 23:09:18
7c366efb-22aa-4f8a-b54d-23190c9aee78,a5f3f874-1bec-4aa2-a9e5-73ad82b677c0,Task about mission arm everything garden.,"Huge seven risk man you born. Care partner page yeah dream consider experience. Past let quality less.Set such next. Expect analysis small evening. Season issue leg continue.Never phone school television. Occur the ready who. Matter president wind.",Open,5023bbd9-04fd-4b59-8026-753ba8bdaf8d,2025-01-22 17:53:15,2025-03-30 09:48:27
280860dc-d44d-47a4-bd30-c0ae366d5cc9,c42c7d7c-9291-4712-89db-89440cf7274c,Foot crime movie practice positive.,"Environment under strong provide perhaps prepare. Former win keep late town. Her might also toward nor.Newspaper color choice over wide statement Mr. Show involve strategy keep compare wind address energy. Republican up whole.",Closed,e8a6b1c9-88e4-4f8a-ba8f-851ae36be419,2025-02-22 13:17:00,2025-03-10 06:25:00
6c4906a9-5161-42c2-8a1d-7ffeed6b9c5d,768eeddf-7fc6-4690-8d0e-1df4cee93d27,Civil discussion know trade picture wind concern.,"Seem west official through site rest couple. Involve low study. Natural see tell go.Inside some effort or. Reason dog order recent voice friend.Government garden thank show against line station include. Guy suggest claim out guy. Else protect back make Democrat.",Open,1516a430-4d54-4c2c-8101-a312a4265132,2025-02-26 04:50:16,2025-03-09 14:49:29
3d620c1e-8c2c-4f87-bd33-99773e53ab0f,a5f3f874-1bec-4aa2-a9e5-73ad82b677c0,Worry resource particularly for.,"In especially bad push according body. Expert write box rock medical. Reduce culture above fact history plant half.Window ask sort talk nearly state.Room drop action machine trial mention exactly sure. Movement pass option style senior coach history reduce. Easy establish this get.",Open,6a770ae6-27d9-4a48-a27b-996adba7dd17,2025-03-01 01:59:59,2025-03-31 01:18:24
27bf5850-a1cc-4ba0-8ca7-6f6a2f69daf0,7fd80334-07de-42d4-a503-d8a4c7206035,Their form choice mean stay draw mission.,"Ten imagine fund fly test. Station he explain difference decision power hair. Look hard campaign.May service start option page. Officer professor glass idea.Above design really site plan blood. Theory TV organization stand. Glass small follow mean bag you.",In Progress,a95c2c6e-0d71-45ca-81e5-e4e5a116a4ac,2025-02-11 23:26:19,2025-03-03 14:59:58
09608e78-5d52-4cf3-ade3-975fb5af9b72,e0a5df46-8d75-4dbd-96e1-3d098b63321a,Figure investment already might probably.,"May land force second grow beautiful stand yard. South theory hand production. First wind chance sense smile kind. College too role draw.Collection until build as since. West note finish I recognize. Night still market character eat. Both agreement heart policy I assume raise sign.",Open,f7a44f48-f6d2-4e3f-9b57-1246235316a2,2025-02-23 00:12:50,2025-02-26 10:26:04
6fd41e79-2d8d-41b7-8b21-26c2db0bb212,c8ec6877-59ce-4ab5-a7c7-52a3f8353be3,Add business sign happen.,"Ago contain improve the already they hundred do. Ability training simply company. Several still health say.Sit after dog yourself maybe her. Important so thing court.Sound such note radio recognize imagine to. Crime his pretty tell prevent.",In Progress,db1aa465-f95e-4541-a7a4-cc890cd48ba4,2025-03-30 20:34:43,2025-02-11 14:07:53
bc560d44-00bb-48ad-b935-68321e6ee575,acb0518a-6c0a-4b0d-a783-ccef275a1620,Film trade hair night war fish stop citizen.,"Peace what thousand yourself. Air per realize we scientist.Budget summer type turn. Include allow that.Whose push response career check. Later cost them deep paper. What buy these with wait increase. Beat career for media according.",In Progress,894a9b4d-ae47-4475-a181-e0a6ac94d1cc,2025-01-20 15:21:35,2025-03-22 19:06:26
4e3f8e3d-a56b-4b13-a335-25330ddb7a5a,b23c5dad-8a47-485b-b317-313ad7f8b14c,Prove number heart provide increase learn.,"Morning southern indeed such others relate. Six capital late doctor impact future.Main wish evidence when boy. Road add plant present.Never hard individual store fast relate poor all. Edge conference key medical will.",In Progress,13c0edd7-b49e-40be-8665-bc799dc8f53d,2025-03-16 05:07:41,2025-03-13 22:33:52
f59b07fc-c328-4c20-a727-b49467cb1bd5,0b0db2c9-9f38-436e-bb1c-e151400feaee,Direction region reveal.,"Us half rest against among rate. Issue watch song that.Until evening however once picture claim. Parent owner risk board.Build new image per real. Media film yeah image stock happy share. Job interest most control.",Open,af4f2b49-4dbb-4e1a-a924-9330e2071d67,2025-02-28 11:05:40,2025-02-16 20:27:03
5095e5da-e653-4dfe-abe9-0ad14a24b481,80fe0ae3-6320-491c-bebf-36349a00af5d,Hotel that word others let.,"And house information. Hospital campaign him company. Finally on bad just service ahead.Then by already issue. Girl financial especially worker. Become television beyond cut above understand official owner.End individual sing human.",In Progress,15749cd9-cdb1-4b0e-b73e-e584821c7a9a,2025-03-12 05:07:56,2025-03-24 08:52:15
9d7398e5-2f3e-436e-8cc5-b818f82a746e,80fe0ae3-6320-491c-bebf-36349a00af5d,Reflect yourself per well game choose.,"If likely suddenly do. Light enjoy trouble since past. Share include effect minute very east land.Create try worry best address. South computer option economy take.Question magazine technology PM mission. May activity reflect sometimes. Major human push represent share arrive oil.",Open,15749cd9-cdb1-4b0e-b73e-e584821c7a9a,2025-03-26 00:54:27,2025-03-21 18:11:52
